{"stat.walkOneCm":9834,"stat.leaveGame":2,"stat.craftItem.minecraft.crafting_table":1,"stat.pickup.minecraft.log":2,"stat.jump":26,"stat.fallOneCm":418,"stat.pickup.minecraft.dirt":5,"stat.useItem.minecraft.dirt":1,"stat.sprintOneCm":10733,"stat.useItem.minecraft.stone_slab2":2,"stat.craftItem.minecraft.stick":4,"stat.craftingTableInteraction":1,"stat.craftItem.minecraft.planks":8,"stat.damageTaken":100,"stat.mineBlock.minecraft.log":2,"stat.flyOneCm":14872,"stat.pickup.minecraft.wheat_seeds":1,"stat.playOneMinute":8568,"stat.sneakTime":69,"stat.damageDealt":128,"stat.timeSinceDeath":8568,"stat.mineBlock.minecraft.dirt":5,"stat.mineBlock.minecraft.tallgrass":3}